_legacy_skill_priority,_source_priority,agent,agent_returncode,agent_status,agent_unique_keys,condition,containerized_agent,contamination_lint,diagnostics_failed,elapsed_seconds,errors,extra_keys,failed,filesystem_canary,isolated,key_f1,key_precision,key_recall,match_rates,model,ordered_value_columns,ordered_value_nmae,passed,path,publishable,publishable_reason,reasoning_effort,reward,reward_uncapped,run_id,schema,task,tier,tier_name,total_tests,trial,truth_rows
0,0,pi-ollama,0,,,no-skill,True,True,False,61.0,1,,0,True,True,0.0,,0.0,{},gpt-oss:20b,0,,0,benchmark/results/oss-rerun-provider-comparison-20260504_170533/mimic-creatinine-baseline-raw_no-skill_pi-ollama_gpt-oss-20b_t1_20260504_171317,False,local Ollama host exception enabled,provider-default,0.0,,mimic-creatinine-baseline-raw_no-skill_pi-ollama_gpt-oss-20b_t1_20260504_171317,native,mimic-creatinine-baseline-raw,,,1,1,546028
0,0,pi-ollama,0,,,no-skill,True,True,False,305.0,1,,0,True,True,0.0,,0.0,{},gpt-oss:20b,0,,0,benchmark/results/oss-rerun-provider-comparison-20260504_170533/mimic-creatinine-baseline-raw_no-skill_pi-ollama_gpt-oss-20b_t2_20260504_171419,False,local Ollama host exception enabled,provider-default,0.0,,mimic-creatinine-baseline-raw_no-skill_pi-ollama_gpt-oss-20b_t2_20260504_171419,native,mimic-creatinine-baseline-raw,,,1,2,546028
0,0,pi-ollama,0,,,no-skill,True,True,False,21.7,1,,0,True,True,0.0,,0.0,{},gpt-oss:20b,0,,0,benchmark/results/oss-rerun-provider-comparison-20260504_170533/mimic-creatinine-baseline-raw_no-skill_pi-ollama_gpt-oss-20b_t3_20260504_171926,False,local Ollama host exception enabled,provider-default,0.0,,mimic-creatinine-baseline-raw_no-skill_pi-ollama_gpt-oss-20b_t3_20260504_171926,native,mimic-creatinine-baseline-raw,,,1,3,546028
0,0,pi-ollama,0,,546028,no-skill,True,True,True,155.3,0,0,3,True,True,1.0,1.0,1.0,"{'scr_baseline': 0.49912642, 'ckd': 0.91909023, 'mdrd_est': 5.49e-06, 'gender': 1.0, 'age': 0.00310607, 'scr_min': 0.98120792}",gpt-oss:20b,0,,7,benchmark/results/oss-rerun-provider-comparison-20260504_170533/mimic-creatinine-baseline-raw_no-skill_pi-ollama_gpt-oss-20b_t4_20260504_171949,False,local Ollama host exception enabled,provider-default,0.56708936,0.56708936,mimic-creatinine-baseline-raw_no-skill_pi-ollama_gpt-oss-20b_t4_20260504_171949,native,mimic-creatinine-baseline-raw,,,10,4,546028
0,0,pi-ollama,0,,546028,no-skill,True,True,True,190.6,0,0,3,True,True,1.0,1.0,1.0,"{'scr_baseline': 0.26802472, 'ckd': 0.92787, 'mdrd_est': 0.0, 'gender': 1.0, 'age': 0.00955262, 'scr_min': 0.96391943}",gpt-oss:20b,0,,7,benchmark/results/oss-rerun-provider-comparison-20260504_170533/mimic-creatinine-baseline-raw_no-skill_pi-ollama_gpt-oss-20b_t5_20260504_172229,False,local Ollama host exception enabled,provider-default,0.52822779,0.52822779,mimic-creatinine-baseline-raw_no-skill_pi-ollama_gpt-oss-20b_t5_20260504_172229,native,mimic-creatinine-baseline-raw,,,10,5,546028
0,0,pi-ollama,0,,546028,with-skill,True,True,True,279.0,0,0,3,True,True,1.0,1.0,1.0,"{'scr_baseline': 0.7998436, 'ckd': 1.0, 'mdrd_est': 0.0, 'gender': 1.0, 'age': 0.00310607, 'scr_min': 0.99986997}",gpt-oss:20b,0,,7,benchmark/results/oss-rerun-provider-comparison-20260504_170533/mimic-creatinine-baseline-raw_with-skill_pi-ollama_gpt-oss-20b_t1_20260504_184738,False,local Ollama host exception enabled,provider-default,0.63380327,0.63380327,mimic-creatinine-baseline-raw_with-skill_pi-ollama_gpt-oss-20b_t1_20260504_184738,native,mimic-creatinine-baseline-raw,,,10,1,546028
0,0,pi-ollama,0,,0,with-skill,True,True,True,352.0,1,0,0,True,True,0.0,0.0,0.0,"{'scr_baseline': 0.0, 'ckd': 0.0, 'mdrd_est': 0.0, 'gender': 0.0, 'age': 0.0, 'scr_min': 0.0}",gpt-oss:20b,0,,0,benchmark/results/oss-rerun-provider-comparison-20260504_170533/mimic-creatinine-baseline-raw_with-skill_pi-ollama_gpt-oss-20b_t2_20260504_185222,False,local Ollama host exception enabled,provider-default,0.0,0.0,mimic-creatinine-baseline-raw_with-skill_pi-ollama_gpt-oss-20b_t2_20260504_185222,native,mimic-creatinine-baseline-raw,,,1,2,546028
0,0,pi-ollama,0,,546028,with-skill,True,True,True,239.7,0,0,4,True,True,1.0,1.0,1.0,"{'scr_baseline': 0.02214172, 'ckd': 0.92787, 'mdrd_est': 0.0, 'gender': 1.0, 'age': 0.00310607, 'scr_min': 0.23868556}",gpt-oss:20b,0,,6,benchmark/results/oss-rerun-provider-comparison-20260504_170533/mimic-creatinine-baseline-raw_with-skill_pi-ollama_gpt-oss-20b_t3_20260504_185817,False,local Ollama host exception enabled,provider-default,0.36530056,0.36530056,mimic-creatinine-baseline-raw_with-skill_pi-ollama_gpt-oss-20b_t3_20260504_185817,native,mimic-creatinine-baseline-raw,,,10,3,546028
0,0,pi-ollama,0,,,with-skill,True,True,False,90.9,1,,0,True,True,0.0,,0.0,{},gpt-oss:20b,0,,0,benchmark/results/oss-rerun-provider-comparison-20260504_170533/mimic-creatinine-baseline-raw_with-skill_pi-ollama_gpt-oss-20b_t4_20260504_190222,False,local Ollama host exception enabled,provider-default,0.0,,mimic-creatinine-baseline-raw_with-skill_pi-ollama_gpt-oss-20b_t4_20260504_190222,native,mimic-creatinine-baseline-raw,,,1,4,546028
0,0,pi-ollama,0,,546028,with-skill,True,True,True,341.9,0,0,3,True,True,1.0,1.0,1.0,"{'scr_baseline': 0.7208037, 'ckd': 1.0, 'mdrd_est': 0.03519783, 'gender': 1.0, 'age': 0.00310607, 'scr_min': 0.96130968}",gpt-oss:20b,0,,7,benchmark/results/oss-rerun-provider-comparison-20260504_170533/mimic-creatinine-baseline-raw_with-skill_pi-ollama_gpt-oss-20b_t5_20260504_190354,False,local Ollama host exception enabled,provider-default,0.62006955,0.62006955,mimic-creatinine-baseline-raw_with-skill_pi-ollama_gpt-oss-20b_t5_20260504_190354,native,mimic-creatinine-baseline-raw,,,10,5,546028
0,0,pi-ollama,0,,,no-skill,True,True,False,192.5,1,,0,True,True,0.0,,0.0,{},gpt-oss:20b,0,,0,benchmark/results/oss-rerun-provider-comparison-20260504_170533/mimic-kdigo-48h-raw_no-skill_obfuscated_pi-ollama_gpt-oss-20b_t1_20260504_212429,False,local Ollama host exception enabled,provider-default,0.0,,mimic-kdigo-48h-raw_no-skill_obfuscated_pi-ollama_gpt-oss-20b_t1_20260504_212429,obfuscated,mimic-kdigo-48h-raw,,,1,1,94458
0,0,pi-ollama,0,,,no-skill,True,True,False,322.0,1,,0,True,True,0.0,,0.0,{},gpt-oss:20b,0,,0,benchmark/results/oss-rerun-provider-comparison-20260504_170533/mimic-kdigo-48h-raw_no-skill_obfuscated_pi-ollama_gpt-oss-20b_t2_20260504_212744,False,local Ollama host exception enabled,provider-default,0.0,,mimic-kdigo-48h-raw_no-skill_obfuscated_pi-ollama_gpt-oss-20b_t2_20260504_212744,obfuscated,mimic-kdigo-48h-raw,,,1,2,94458
0,0,pi-ollama,0,,,no-skill,True,True,False,38.6,1,,0,True,True,0.0,,0.0,{},gpt-oss:20b,0,,0,benchmark/results/oss-rerun-provider-comparison-20260504_170533/mimic-kdigo-48h-raw_no-skill_obfuscated_pi-ollama_gpt-oss-20b_t3_20260504_213308,False,local Ollama host exception enabled,provider-default,0.0,,mimic-kdigo-48h-raw_no-skill_obfuscated_pi-ollama_gpt-oss-20b_t3_20260504_213308,obfuscated,mimic-kdigo-48h-raw,,,1,3,94458
0,0,pi-ollama,0,,0,no-skill,True,True,True,74.7,0,0,6,True,True,0.0,0.0,0.0,"{'aki_stage': 0.0, 'aki_stage_creat': 0.0, 'aki_stage_uo': 0.0, 'aki_stage_crrt': 0.0}",gpt-oss:20b,0,,2,benchmark/results/oss-rerun-provider-comparison-20260504_170533/mimic-kdigo-48h-raw_no-skill_obfuscated_pi-ollama_gpt-oss-20b_t4_20260504_213348,False,local Ollama host exception enabled,provider-default,0.0,0.0,mimic-kdigo-48h-raw_no-skill_obfuscated_pi-ollama_gpt-oss-20b_t4_20260504_213348,obfuscated,mimic-kdigo-48h-raw,,,8,4,94458
0,0,pi-ollama,0,,94458,no-skill,True,True,True,478.5,0,0,3,True,True,1.0,1.0,1.0,"{'aki_stage': 0.43084757, 'aki_stage_creat': 0.75592327, 'aki_stage_uo': 0.50292193, 'aki_stage_crrt': 0.99509835}",gpt-oss:20b,0,,5,benchmark/results/oss-rerun-provider-comparison-20260504_170533/mimic-kdigo-48h-raw_no-skill_obfuscated_pi-ollama_gpt-oss-20b_t5_20260504_213506,False,local Ollama host exception enabled,provider-default,0.67119778,0.67119778,mimic-kdigo-48h-raw_no-skill_obfuscated_pi-ollama_gpt-oss-20b_t5_20260504_213506,obfuscated,mimic-kdigo-48h-raw,,,8,5,94458
0,0,pi-ollama,0,,,no-skill,True,True,False,26.0,1,,0,True,True,0.0,,0.0,{},gpt-oss:20b,0,,0,benchmark/results/oss-rerun-provider-comparison-20260504_170533/mimic-kdigo-48h-raw_no-skill_restructured_pi-ollama_gpt-oss-20b_t1_20260504_214307,False,local Ollama host exception enabled,provider-default,0.0,,mimic-kdigo-48h-raw_no-skill_restructured_pi-ollama_gpt-oss-20b_t1_20260504_214307,restructured,mimic-kdigo-48h-raw,,,1,1,94458
0,0,pi-ollama,0,,0,no-skill,True,True,True,148.0,0,0,6,True,True,0.0,0.0,0.0,"{'aki_stage': 0.0, 'aki_stage_creat': 0.0, 'aki_stage_uo': 0.0, 'aki_stage_crrt': 0.0}",gpt-oss:20b,0,,2,benchmark/results/oss-rerun-provider-comparison-20260504_170533/mimic-kdigo-48h-raw_no-skill_restructured_pi-ollama_gpt-oss-20b_t2_20260504_214335,False,local Ollama host exception enabled,provider-default,0.0,0.0,mimic-kdigo-48h-raw_no-skill_restructured_pi-ollama_gpt-oss-20b_t2_20260504_214335,restructured,mimic-kdigo-48h-raw,,,8,2,94458
0,0,pi-ollama,0,,,no-skill,True,True,False,135.8,1,,0,True,True,0.0,,0.0,{},gpt-oss:20b,0,,0,benchmark/results/oss-rerun-provider-comparison-20260504_170533/mimic-kdigo-48h-raw_no-skill_restructured_pi-ollama_gpt-oss-20b_t3_20260504_214605,False,local Ollama host exception enabled,provider-default,0.0,,mimic-kdigo-48h-raw_no-skill_restructured_pi-ollama_gpt-oss-20b_t3_20260504_214605,restructured,mimic-kdigo-48h-raw,,,1,3,94458
0,0,pi-ollama,0,,0,no-skill,True,True,True,86.5,0,0,6,True,True,0.0,0.0,0.0,"{'aki_stage': 0.0, 'aki_stage_creat': 0.0, 'aki_stage_uo': 0.0, 'aki_stage_crrt': 0.0}",gpt-oss:20b,0,,2,benchmark/results/oss-rerun-provider-comparison-20260504_170533/mimic-kdigo-48h-raw_no-skill_restructured_pi-ollama_gpt-oss-20b_t4_20260504_214823,False,local Ollama host exception enabled,provider-default,0.0,0.0,mimic-kdigo-48h-raw_no-skill_restructured_pi-ollama_gpt-oss-20b_t4_20260504_214823,restructured,mimic-kdigo-48h-raw,,,8,4,94458
0,0,pi-ollama,-1,,,no-skill,True,True,False,1800.0,1,,0,True,True,0.0,,0.0,{},gpt-oss:20b,0,,0,benchmark/results/oss-rerun-provider-comparison-20260504_170533/mimic-kdigo-48h-raw_no-skill_restructured_pi-ollama_gpt-oss-20b_t5_20260504_214952,False,local Ollama host exception enabled,provider-default,0.0,,mimic-kdigo-48h-raw_no-skill_restructured_pi-ollama_gpt-oss-20b_t5_20260504_214952,restructured,mimic-kdigo-48h-raw,,,1,5,94458
0,0,pi-ollama,0,,,no-skill,True,True,False,37.8,1,,0,True,True,0.0,,0.0,{},gpt-oss:20b,0,,0,benchmark/results/oss-rerun-provider-comparison-20260504_170533/mimic-oasis-24h-raw_no-skill_obfuscated_pi-ollama_gpt-oss-20b_t1_20260504_221959,False,local Ollama host exception enabled,provider-default,0.0,,mimic-oasis-24h-raw_no-skill_obfuscated_pi-ollama_gpt-oss-20b_t1_20260504_221959,obfuscated,mimic-oasis-24h-raw,,,1,1,94458
0,0,pi-ollama,0,,,no-skill,True,True,False,606.2,1,,0,True,True,0.0,,0.0,{},gpt-oss:20b,0,,0,benchmark/results/oss-rerun-provider-comparison-20260504_170533/mimic-oasis-24h-raw_no-skill_obfuscated_pi-ollama_gpt-oss-20b_t2_20260504_222039,False,local Ollama host exception enabled,provider-default,0.0,,mimic-oasis-24h-raw_no-skill_obfuscated_pi-ollama_gpt-oss-20b_t2_20260504_222039,obfuscated,mimic-oasis-24h-raw,,,1,2,94458
0,0,pi-ollama,0,,,no-skill,True,True,False,146.1,1,,0,True,True,0.0,,0.0,{},gpt-oss:20b,0,,0,benchmark/results/oss-rerun-provider-comparison-20260504_170533/mimic-oasis-24h-raw_no-skill_obfuscated_pi-ollama_gpt-oss-20b_t3_20260504_223047,False,local Ollama host exception enabled,provider-default,0.0,,mimic-oasis-24h-raw_no-skill_obfuscated_pi-ollama_gpt-oss-20b_t3_20260504_223047,obfuscated,mimic-oasis-24h-raw,,,1,3,94458
0,0,pi-ollama,0,,94458,no-skill,True,True,True,325.0,0,0,11,True,True,1.0,1.0,1.0,"{'oasis': 0.0, 'preiculos_score': 0.14854221, 'age_score': 0.02532342, 'gcs_score': 0.59246438, 'heart_rate_score': 0.2534248, 'mbp_score': 0.43349425, 'resp_rate_score': 0.05204429, 'temp_score': 0.08381503, 'urineoutput_score': 0.23314066, 'mechvent_score': 0.66862521, 'electivesurgery_score': 0.02609625}",gpt-oss:20b,0,,4,benchmark/results/oss-rerun-provider-comparison-20260504_170533/mimic-oasis-24h-raw_no-skill_obfuscated_pi-ollama_gpt-oss-20b_t4_20260504_223315,False,local Ollama host exception enabled,provider-default,0.2288155,0.2288155,mimic-oasis-24h-raw_no-skill_obfuscated_pi-ollama_gpt-oss-20b_t4_20260504_223315,obfuscated,mimic-oasis-24h-raw,,,15,4,94458
0,0,pi-ollama,0,,,no-skill,True,True,False,127.6,1,,0,True,True,0.0,,0.0,{},gpt-oss:20b,0,,0,benchmark/results/oss-rerun-provider-comparison-20260504_170533/mimic-oasis-24h-raw_no-skill_obfuscated_pi-ollama_gpt-oss-20b_t5_20260504_223843,False,local Ollama host exception enabled,provider-default,0.0,,mimic-oasis-24h-raw_no-skill_obfuscated_pi-ollama_gpt-oss-20b_t5_20260504_223843,obfuscated,mimic-oasis-24h-raw,,,1,5,94458
0,0,pi-ollama,0,,,no-skill,True,True,False,116.5,1,,0,True,True,0.0,,0.0,{},gpt-oss:20b,0,,0,benchmark/results/oss-rerun-provider-comparison-20260504_170533/mimic-oasis-24h-raw_no-skill_restructured_pi-ollama_gpt-oss-20b_t1_20260504_224053,False,local Ollama host exception enabled,provider-default,0.0,,mimic-oasis-24h-raw_no-skill_restructured_pi-ollama_gpt-oss-20b_t1_20260504_224053,restructured,mimic-oasis-24h-raw,,,1,1,94458
0,0,pi-ollama,0,,,no-skill,True,True,False,129.3,1,,0,True,True,0.0,,0.0,{},gpt-oss:20b,0,,0,benchmark/results/oss-rerun-provider-comparison-20260504_170533/mimic-oasis-24h-raw_no-skill_restructured_pi-ollama_gpt-oss-20b_t2_20260504_224251,False,local Ollama host exception enabled,provider-default,0.0,,mimic-oasis-24h-raw_no-skill_restructured_pi-ollama_gpt-oss-20b_t2_20260504_224251,restructured,mimic-oasis-24h-raw,,,1,2,94458
0,0,pi-ollama,0,,0,no-skill,True,True,True,364.9,0,0,13,True,True,0.0,0.0,0.0,"{'oasis': 0.0, 'preiculos_score': 0.0, 'age_score': 0.0, 'gcs_score': 0.0, 'heart_rate_score': 0.0, 'mbp_score': 0.0, 'resp_rate_score': 0.0, 'temp_score': 0.0, 'urineoutput_score': 0.0, 'mechvent_score': 0.0, 'electivesurgery_score': 0.0}",gpt-oss:20b,0,,2,benchmark/results/oss-rerun-provider-comparison-20260504_170533/mimic-oasis-24h-raw_no-skill_restructured_pi-ollama_gpt-oss-20b_t3_20260504_224502,False,local Ollama host exception enabled,provider-default,0.0,0.0,mimic-oasis-24h-raw_no-skill_restructured_pi-ollama_gpt-oss-20b_t3_20260504_224502,restructured,mimic-oasis-24h-raw,,,15,3,94458
0,0,pi-ollama,0,,,no-skill,True,True,False,377.5,1,,0,True,True,0.0,,0.0,{},gpt-oss:20b,0,,0,benchmark/results/oss-rerun-provider-comparison-20260504_170533/mimic-oasis-24h-raw_no-skill_restructured_pi-ollama_gpt-oss-20b_t4_20260504_225110,False,local Ollama host exception enabled,provider-default,0.0,,mimic-oasis-24h-raw_no-skill_restructured_pi-ollama_gpt-oss-20b_t4_20260504_225110,restructured,mimic-oasis-24h-raw,,,1,4,94458
0,0,pi-ollama,0,,,no-skill,True,True,False,176.1,1,,0,True,True,0.0,,0.0,{},gpt-oss:20b,0,,0,benchmark/results/oss-rerun-provider-comparison-20260504_170533/mimic-oasis-24h-raw_no-skill_restructured_pi-ollama_gpt-oss-20b_t5_20260504_225730,False,local Ollama host exception enabled,provider-default,0.0,,mimic-oasis-24h-raw_no-skill_restructured_pi-ollama_gpt-oss-20b_t5_20260504_225730,restructured,mimic-oasis-24h-raw,,,1,5,94458
0,0,pi-ollama,0,,,no-skill,True,True,False,245.0,1,,0,True,True,0.0,,0.0,{},gpt-oss:20b,0,,0,benchmark/results/oss-rerun-provider-comparison-20260504_170533/mimic-oasis-24h_no-skill_pi-ollama_gpt-oss-20b_t1_20260504_172546,False,local Ollama host exception enabled,provider-default,0.0,,mimic-oasis-24h_no-skill_pi-ollama_gpt-oss-20b_t1_20260504_172546,native,mimic-oasis-24h,,,1,1,94458
0,0,pi-ollama,0,,,no-skill,True,True,False,115.6,1,,0,True,True,0.0,,0.0,{},gpt-oss:20b,0,,0,benchmark/results/oss-rerun-provider-comparison-20260504_170533/mimic-oasis-24h_no-skill_pi-ollama_gpt-oss-20b_t2_20260504_172957,False,local Ollama host exception enabled,provider-default,0.0,,mimic-oasis-24h_no-skill_pi-ollama_gpt-oss-20b_t2_20260504_172957,native,mimic-oasis-24h,,,1,2,94458
0,0,pi-ollama,0,,,no-skill,True,True,False,88.5,1,,0,True,True,0.0,,0.0,{},gpt-oss:20b,0,,0,benchmark/results/oss-rerun-provider-comparison-20260504_170533/mimic-oasis-24h_no-skill_pi-ollama_gpt-oss-20b_t3_20260504_173158,False,local Ollama host exception enabled,provider-default,0.0,,mimic-oasis-24h_no-skill_pi-ollama_gpt-oss-20b_t3_20260504_173158,native,mimic-oasis-24h,,,1,3,94458
0,0,pi-ollama,0,,,no-skill,True,True,False,211.7,1,,0,True,True,0.0,,0.0,{},gpt-oss:20b,0,,0,benchmark/results/oss-rerun-provider-comparison-20260504_170533/mimic-oasis-24h_no-skill_pi-ollama_gpt-oss-20b_t4_20260504_173331,False,local Ollama host exception enabled,provider-default,0.0,,mimic-oasis-24h_no-skill_pi-ollama_gpt-oss-20b_t4_20260504_173331,native,mimic-oasis-24h,,,1,4,94458
0,0,pi-ollama,0,,94458,no-skill,True,True,True,874.1,0,0,11,True,True,1.0,1.0,1.0,"{'oasis': 0.0, 'preiculos_score': 0.14854221, 'age_score': 0.01574245, 'gcs_score': 0.59246438, 'heart_rate_score': 0.2534248, 'mbp_score': 0.42822207, 'resp_rate_score': 0.12703, 'temp_score': 0.09309958, 'urineoutput_score': 0.28854094, 'mechvent_score': 0.65387791, 'electivesurgery_score': 0.02609625}",gpt-oss:20b,0,,4,benchmark/results/oss-rerun-provider-comparison-20260504_170533/mimic-oasis-24h_no-skill_pi-ollama_gpt-oss-20b_t5_20260504_173708,False,local Ollama host exception enabled,provider-default,0.23882187,0.23882187,mimic-oasis-24h_no-skill_pi-ollama_gpt-oss-20b_t5_20260504_173708,native,mimic-oasis-24h,,,15,5,94458
0,0,pi-ollama,0,,,with-skill,True,True,False,37.6,1,,0,True,True,0.0,,0.0,{},gpt-oss:20b,0,,0,benchmark/results/oss-rerun-provider-comparison-20260504_170533/mimic-oasis-24h_with-skill_pi-ollama_gpt-oss-20b_t1_20260504_190942,False,local Ollama host exception enabled,provider-default,0.0,,mimic-oasis-24h_with-skill_pi-ollama_gpt-oss-20b_t1_20260504_190942,native,mimic-oasis-24h,,,1,1,94458
0,0,pi-ollama,0,,,with-skill,True,True,False,165.2,1,,0,True,True,0.0,,0.0,{},gpt-oss:20b,0,,0,benchmark/results/oss-rerun-provider-comparison-20260504_170533/mimic-oasis-24h_with-skill_pi-ollama_gpt-oss-20b_t2_20260504_191024,False,local Ollama host exception enabled,provider-default,0.0,,mimic-oasis-24h_with-skill_pi-ollama_gpt-oss-20b_t2_20260504_191024,native,mimic-oasis-24h,,,1,2,94458
0,0,pi-ollama,0,,,with-skill,True,True,False,248.6,1,,0,True,True,0.0,,0.0,{},gpt-oss:20b,0,,0,benchmark/results/oss-rerun-provider-comparison-20260504_170533/mimic-oasis-24h_with-skill_pi-ollama_gpt-oss-20b_t3_20260504_191314,False,local Ollama host exception enabled,provider-default,0.0,,mimic-oasis-24h_with-skill_pi-ollama_gpt-oss-20b_t3_20260504_191314,native,mimic-oasis-24h,,,1,3,94458
0,0,pi-ollama,0,,,with-skill,True,True,False,195.7,1,,0,True,True,0.0,,0.0,{},gpt-oss:20b,0,,0,benchmark/results/oss-rerun-provider-comparison-20260504_170533/mimic-oasis-24h_with-skill_pi-ollama_gpt-oss-20b_t4_20260504_191729,False,local Ollama host exception enabled,provider-default,0.0,,mimic-oasis-24h_with-skill_pi-ollama_gpt-oss-20b_t4_20260504_191729,native,mimic-oasis-24h,,,1,4,94458
0,0,pi-ollama,0,,,with-skill,True,True,False,27.6,1,,0,True,True,0.0,,0.0,{},gpt-oss:20b,0,,0,benchmark/results/oss-rerun-provider-comparison-20260504_170533/mimic-oasis-24h_with-skill_pi-ollama_gpt-oss-20b_t5_20260504_192051,False,local Ollama host exception enabled,provider-default,0.0,,mimic-oasis-24h_with-skill_pi-ollama_gpt-oss-20b_t5_20260504_192051,native,mimic-oasis-24h,,,1,5,94458
0,0,pi-ollama,0,,,no-skill,True,True,False,25.8,1,,0,True,True,0.0,,0.0,{},gpt-oss:20b,0,,0,benchmark/results/oss-rerun-provider-comparison-20260504_170533/mimic-sepsis3-raw_no-skill_pi-ollama_gpt-oss-20b_t1_20260504_150535,False,local Ollama host exception enabled,provider-default,0.0,,mimic-sepsis3-raw_no-skill_pi-ollama_gpt-oss-20b_t1_20260504_150535,native,mimic-sepsis3-raw,,,1,1,41296
0,0,pi-ollama,0,,,no-skill,True,True,False,114.7,1,,0,True,True,0.0,,0.0,{},gpt-oss:20b,0,,0,benchmark/results/oss-rerun-provider-comparison-20260504_170533/mimic-sepsis3-raw_no-skill_pi-ollama_gpt-oss-20b_t2_20260504_150603,False,local Ollama host exception enabled,provider-default,0.0,,mimic-sepsis3-raw_no-skill_pi-ollama_gpt-oss-20b_t2_20260504_150603,native,mimic-sepsis3-raw,,,1,2,41296
0,0,pi-ollama,0,,,no-skill,True,True,False,661.2,1,,0,True,True,0.0,,0.0,{},gpt-oss:20b,0,,0,benchmark/results/oss-rerun-provider-comparison-20260504_170533/mimic-sepsis3-raw_no-skill_pi-ollama_gpt-oss-20b_t3_20260504_150800,False,local Ollama host exception enabled,provider-default,0.0,,mimic-sepsis3-raw_no-skill_pi-ollama_gpt-oss-20b_t3_20260504_150800,native,mimic-sepsis3-raw,,,1,3,41296
0,0,pi-ollama,0,,,no-skill,True,True,False,164.9,1,,0,True,True,0.0,,0.0,{},gpt-oss:20b,0,,0,benchmark/results/oss-rerun-provider-comparison-20260504_170533/mimic-sepsis3-raw_no-skill_pi-ollama_gpt-oss-20b_t4_20260504_151903,False,local Ollama host exception enabled,provider-default,0.0,,mimic-sepsis3-raw_no-skill_pi-ollama_gpt-oss-20b_t4_20260504_151903,native,mimic-sepsis3-raw,,,1,4,41296
0,0,pi-ollama,0,,,no-skill,True,True,False,201.7,1,,0,True,True,0.0,,0.0,{},gpt-oss:20b,0,,0,benchmark/results/oss-rerun-provider-comparison-20260504_170533/mimic-sepsis3-raw_no-skill_pi-ollama_gpt-oss-20b_t5_20260504_152150,False,local Ollama host exception enabled,provider-default,0.0,,mimic-sepsis3-raw_no-skill_pi-ollama_gpt-oss-20b_t5_20260504_152150,native,mimic-sepsis3-raw,,,1,5,41296
0,0,pi-ollama,0,,0,with-skill,True,True,True,132.3,0,0,14,True,True,0.0,0.0,0.0,"{'sepsis3': 0.0, 'sofa_score': 0.0, 'respiration': 0.0, 'coagulation': 0.0, 'liver': 0.0, 'cardiovascular': 0.0, 'cns': 0.0, 'renal': 0.0, 'antibiotic_time': 0.0, 'culture_time': 0.0, 'suspected_infection_time': 0.0, 'sofa_time': 0.0}",gpt-oss:20b,0,,2,benchmark/results/oss-rerun-provider-comparison-20260504_170533/mimic-sepsis3-raw_with-skill_pi-ollama_gpt-oss-20b_t1_20260504_153023,False,local Ollama host exception enabled,provider-default,0.0,0.0,mimic-sepsis3-raw_with-skill_pi-ollama_gpt-oss-20b_t1_20260504_153023,native,mimic-sepsis3-raw,,,16,1,41296
0,0,pi-ollama,0,,,with-skill,True,True,False,317.0,1,,0,True,True,0.0,,0.0,{},gpt-oss:20b,0,,0,benchmark/results/oss-rerun-provider-comparison-20260504_170533/mimic-sepsis3-raw_with-skill_pi-ollama_gpt-oss-20b_t2_20260504_153238,False,local Ollama host exception enabled,provider-default,0.0,,mimic-sepsis3-raw_with-skill_pi-ollama_gpt-oss-20b_t2_20260504_153238,native,mimic-sepsis3-raw,,,1,2,41296
0,0,pi-ollama,0,,,with-skill,True,True,False,234.1,1,,0,True,True,0.0,,0.0,{},gpt-oss:20b,0,,0,benchmark/results/oss-rerun-provider-comparison-20260504_170533/mimic-sepsis3-raw_with-skill_pi-ollama_gpt-oss-20b_t3_20260504_153757,False,local Ollama host exception enabled,provider-default,0.0,,mimic-sepsis3-raw_with-skill_pi-ollama_gpt-oss-20b_t3_20260504_153757,native,mimic-sepsis3-raw,,,1,3,41296
0,0,pi-ollama,0,,0,with-skill,True,True,True,208.9,0,0,14,True,True,0.0,0.0,0.0,"{'sepsis3': 0.0, 'sofa_score': 0.0, 'respiration': 0.0, 'coagulation': 0.0, 'liver': 0.0, 'cardiovascular': 0.0, 'cns': 0.0, 'renal': 0.0, 'antibiotic_time': 0.0, 'culture_time': 0.0, 'suspected_infection_time': 0.0, 'sofa_time': 0.0}",gpt-oss:20b,0,,2,benchmark/results/oss-rerun-provider-comparison-20260504_170533/mimic-sepsis3-raw_with-skill_pi-ollama_gpt-oss-20b_t4_20260504_154153,False,local Ollama host exception enabled,provider-default,0.0,0.0,mimic-sepsis3-raw_with-skill_pi-ollama_gpt-oss-20b_t4_20260504_154153,native,mimic-sepsis3-raw,,,16,4,41296
0,0,pi-ollama,0,,,with-skill,True,True,False,195.5,1,,0,True,True,0.0,,0.0,{},gpt-oss:20b,0,,0,benchmark/results/oss-rerun-provider-comparison-20260504_170533/mimic-sepsis3-raw_with-skill_pi-ollama_gpt-oss-20b_t5_20260504_154524,False,local Ollama host exception enabled,provider-default,0.0,,mimic-sepsis3-raw_with-skill_pi-ollama_gpt-oss-20b_t5_20260504_154524,native,mimic-sepsis3-raw,,,1,5,41296
0,0,pi-ollama,0,,,no-skill,True,True,False,26.8,1,,0,True,True,0.0,,0.0,{},gpt-oss:20b,0,,0,benchmark/results/oss-rerun-provider-comparison-20260504_170533/mimic-sofa-24h-raw_no-skill_obfuscated_pi-ollama_gpt-oss-20b_t1_20260504_210340,False,local Ollama host exception enabled,provider-default,0.0,,mimic-sofa-24h-raw_no-skill_obfuscated_pi-ollama_gpt-oss-20b_t1_20260504_210340,obfuscated,mimic-sofa-24h-raw,,,1,1,94458
0,0,pi-ollama,0,,,no-skill,True,True,False,410.3,1,,0,True,True,0.0,,0.0,{},gpt-oss:20b,0,,0,benchmark/results/oss-rerun-provider-comparison-20260504_170533/mimic-sofa-24h-raw_no-skill_obfuscated_pi-ollama_gpt-oss-20b_t2_20260504_210408,False,local Ollama host exception enabled,provider-default,0.0,,mimic-sofa-24h-raw_no-skill_obfuscated_pi-ollama_gpt-oss-20b_t2_20260504_210408,obfuscated,mimic-sofa-24h-raw,,,1,2,94458
0,0,pi-ollama,0,,,no-skill,True,True,False,42.7,1,,0,True,True,0.0,,0.0,{},gpt-oss:20b,0,,0,benchmark/results/oss-rerun-provider-comparison-20260504_170533/mimic-sofa-24h-raw_no-skill_obfuscated_pi-ollama_gpt-oss-20b_t3_20260504_211101,False,local Ollama host exception enabled,provider-default,0.0,,mimic-sofa-24h-raw_no-skill_obfuscated_pi-ollama_gpt-oss-20b_t3_20260504_211101,obfuscated,mimic-sofa-24h-raw,,,1,3,94458
0,0,pi-ollama,0,,,no-skill,True,True,False,111.4,1,,0,True,True,0.0,,0.0,{},gpt-oss:20b,0,,0,benchmark/results/oss-rerun-provider-comparison-20260504_170533/mimic-sofa-24h-raw_no-skill_obfuscated_pi-ollama_gpt-oss-20b_t4_20260504_211145,False,local Ollama host exception enabled,provider-default,0.0,,mimic-sofa-24h-raw_no-skill_obfuscated_pi-ollama_gpt-oss-20b_t4_20260504_211145,obfuscated,mimic-sofa-24h-raw,,,1,4,94458
0,0,pi-ollama,0,,,no-skill,True,True,False,39.8,1,,0,True,True,0.0,,0.0,{},gpt-oss:20b,0,,0,benchmark/results/oss-rerun-provider-comparison-20260504_170533/mimic-sofa-24h-raw_no-skill_obfuscated_pi-ollama_gpt-oss-20b_t5_20260504_211338,False,local Ollama host exception enabled,provider-default,0.0,,mimic-sofa-24h-raw_no-skill_obfuscated_pi-ollama_gpt-oss-20b_t5_20260504_211338,obfuscated,mimic-sofa-24h-raw,,,1,5,94458
0,0,pi-ollama,0,,,no-skill,True,True,False,42.5,1,,0,True,True,0.0,,0.0,{},gpt-oss:20b,0,,0,benchmark/results/oss-rerun-provider-comparison-20260504_170533/mimic-sofa-24h-raw_no-skill_pi-ollama_gpt-oss-20b_t1_20260504_162127,False,local Ollama host exception enabled,provider-default,0.0,,mimic-sofa-24h-raw_no-skill_pi-ollama_gpt-oss-20b_t1_20260504_162127,native,mimic-sofa-24h-raw,,,1,1,94458
0,0,pi-ollama,0,,,no-skill,True,True,False,75.8,1,,0,True,True,0.0,,0.0,{},gpt-oss:20b,0,,0,benchmark/results/oss-rerun-provider-comparison-20260504_170533/mimic-sofa-24h-raw_no-skill_pi-ollama_gpt-oss-20b_t2_20260504_162212,False,local Ollama host exception enabled,provider-default,0.0,,mimic-sofa-24h-raw_no-skill_pi-ollama_gpt-oss-20b_t2_20260504_162212,native,mimic-sofa-24h-raw,,,1,2,94458
0,0,pi-ollama,0,,0,no-skill,True,True,True,71.1,0,0,9,True,True,0.0,0.0,0.0,"{'sofa': 0.0, 'respiration': 0.0, 'coagulation': 0.0, 'liver': 0.0, 'cardiovascular': 0.0, 'cns': 0.0, 'renal': 0.0}",gpt-oss:20b,0,,2,benchmark/results/oss-rerun-provider-comparison-20260504_170533/mimic-sofa-24h-raw_no-skill_pi-ollama_gpt-oss-20b_t3_20260504_162329,False,local Ollama host exception enabled,provider-default,0.0,0.0,mimic-sofa-24h-raw_no-skill_pi-ollama_gpt-oss-20b_t3_20260504_162329,native,mimic-sofa-24h-raw,,,11,3,94458
0,0,pi-ollama,0,,,no-skill,True,True,False,58.1,1,,0,True,True,0.0,,0.0,{},gpt-oss:20b,0,,0,benchmark/results/oss-rerun-provider-comparison-20260504_170533/mimic-sofa-24h-raw_no-skill_pi-ollama_gpt-oss-20b_t4_20260504_162442,False,local Ollama host exception enabled,provider-default,0.0,,mimic-sofa-24h-raw_no-skill_pi-ollama_gpt-oss-20b_t4_20260504_162442,native,mimic-sofa-24h-raw,,,1,4,94458
0,0,pi-ollama,0,,94458,no-skill,True,True,True,1066.4,0,0,6,True,True,1.0,1.0,1.0,"{'sofa': 0.14825637, 'respiration': 0.74133477, 'coagulation': 0.65304156, 'liver': 0.97353321, 'cardiovascular': 0.37737407, 'cns': 0.59246438, 'renal': 0.85749222}",gpt-oss:20b,0,,5,benchmark/results/oss-rerun-provider-comparison-20260504_170533/mimic-sofa-24h-raw_no-skill_pi-ollama_gpt-oss-20b_t5_20260504_162542,False,local Ollama host exception enabled,provider-default,0.62049951,0.62049951,mimic-sofa-24h-raw_no-skill_pi-ollama_gpt-oss-20b_t5_20260504_162542,native,mimic-sofa-24h-raw,,,11,5,94458
0,0,pi-ollama,0,,,no-skill,True,True,False,86.5,1,,0,True,True,0.0,,0.0,{},gpt-oss:20b,0,,0,benchmark/results/oss-rerun-provider-comparison-20260504_170533/mimic-sofa-24h-raw_no-skill_restructured_pi-ollama_gpt-oss-20b_t1_20260504_211420,False,local Ollama host exception enabled,provider-default,0.0,,mimic-sofa-24h-raw_no-skill_restructured_pi-ollama_gpt-oss-20b_t1_20260504_211420,restructured,mimic-sofa-24h-raw,,,1,1,94458
0,0,pi-ollama,0,,,no-skill,True,True,False,30.2,1,,0,True,True,0.0,,0.0,{},gpt-oss:20b,0,,0,benchmark/results/oss-rerun-provider-comparison-20260504_170533/mimic-sofa-24h-raw_no-skill_restructured_pi-ollama_gpt-oss-20b_t2_20260504_211548,False,local Ollama host exception enabled,provider-default,0.0,,mimic-sofa-24h-raw_no-skill_restructured_pi-ollama_gpt-oss-20b_t2_20260504_211548,restructured,mimic-sofa-24h-raw,,,1,2,94458
0,0,pi-ollama,0,,,no-skill,True,True,False,109.5,1,,0,True,True,0.0,,0.0,{},gpt-oss:20b,0,,0,benchmark/results/oss-rerun-provider-comparison-20260504_170533/mimic-sofa-24h-raw_no-skill_restructured_pi-ollama_gpt-oss-20b_t3_20260504_211620,False,local Ollama host exception enabled,provider-default,0.0,,mimic-sofa-24h-raw_no-skill_restructured_pi-ollama_gpt-oss-20b_t3_20260504_211620,restructured,mimic-sofa-24h-raw,,,1,3,94458
0,0,pi-ollama,0,,,no-skill,True,True,False,334.8,1,,0,True,True,0.0,,0.0,{},gpt-oss:20b,0,,0,benchmark/results/oss-rerun-provider-comparison-20260504_170533/mimic-sofa-24h-raw_no-skill_restructured_pi-ollama_gpt-oss-20b_t4_20260504_211811,False,local Ollama host exception enabled,provider-default,0.0,,mimic-sofa-24h-raw_no-skill_restructured_pi-ollama_gpt-oss-20b_t4_20260504_211811,restructured,mimic-sofa-24h-raw,,,1,4,94458
0,0,pi-ollama,0,,,no-skill,True,True,False,39.2,1,,0,True,True,0.0,,0.0,{},gpt-oss:20b,0,,0,benchmark/results/oss-rerun-provider-comparison-20260504_170533/mimic-sofa-24h-raw_no-skill_restructured_pi-ollama_gpt-oss-20b_t5_20260504_212348,False,local Ollama host exception enabled,provider-default,0.0,,mimic-sofa-24h-raw_no-skill_restructured_pi-ollama_gpt-oss-20b_t5_20260504_212348,restructured,mimic-sofa-24h-raw,,,1,5,94458
0,0,pi-ollama,0,,0,with-skill,True,True,True,53.7,0,0,9,True,True,0.0,0.0,0.0,"{'sofa': 0.0, 'respiration': 0.0, 'coagulation': 0.0, 'liver': 0.0, 'cardiovascular': 0.0, 'cns': 0.0, 'renal': 0.0}",gpt-oss:20b,0,,2,benchmark/results/oss-rerun-provider-comparison-20260504_170533/mimic-sofa-24h-raw_with-skill_pi-ollama_gpt-oss-20b_t1_20260504_164331,False,local Ollama host exception enabled,provider-default,0.0,0.0,mimic-sofa-24h-raw_with-skill_pi-ollama_gpt-oss-20b_t1_20260504_164331,native,mimic-sofa-24h-raw,,,11,1,94458
0,0,pi-ollama,0,,,with-skill,True,True,False,26.6,1,,0,True,True,0.0,,0.0,{},gpt-oss:20b,0,,0,benchmark/results/oss-rerun-provider-comparison-20260504_170533/mimic-sofa-24h-raw_with-skill_pi-ollama_gpt-oss-20b_t2_20260504_164427,False,local Ollama host exception enabled,provider-default,0.0,,mimic-sofa-24h-raw_with-skill_pi-ollama_gpt-oss-20b_t2_20260504_164427,native,mimic-sofa-24h-raw,,,1,2,94458
0,0,pi-ollama,0,,,with-skill,True,True,False,577.8,1,,0,True,True,0.0,,0.0,{},gpt-oss:20b,0,,0,benchmark/results/oss-rerun-provider-comparison-20260504_170533/mimic-sofa-24h-raw_with-skill_pi-ollama_gpt-oss-20b_t3_20260504_164455,False,local Ollama host exception enabled,provider-default,0.0,,mimic-sofa-24h-raw_with-skill_pi-ollama_gpt-oss-20b_t3_20260504_164455,native,mimic-sofa-24h-raw,,,1,3,94458
0,0,pi-ollama,0,,,with-skill,True,True,False,268.2,1,,0,True,True,0.0,,0.0,{},gpt-oss:20b,0,,0,benchmark/results/oss-rerun-provider-comparison-20260504_170533/mimic-sofa-24h-raw_with-skill_pi-ollama_gpt-oss-20b_t4_20260504_165435,False,local Ollama host exception enabled,provider-default,0.0,,mimic-sofa-24h-raw_with-skill_pi-ollama_gpt-oss-20b_t4_20260504_165435,native,mimic-sofa-24h-raw,,,1,4,94458
0,0,pi-ollama,0,,,with-skill,True,True,False,849.7,1,,0,True,True,0.0,,0.0,{},gpt-oss:20b,0,,0,benchmark/results/oss-rerun-provider-comparison-20260504_170533/mimic-sofa-24h-raw_with-skill_pi-ollama_gpt-oss-20b_t5_20260504_165905,False,local Ollama host exception enabled,provider-default,0.0,,mimic-sofa-24h-raw_with-skill_pi-ollama_gpt-oss-20b_t5_20260504_165905,native,mimic-sofa-24h-raw,,,1,5,94458
0,0,pi-ollama,0,,,no-skill,True,True,False,159.0,1,,0,True,True,0.0,,0.0,{},gpt-oss:20b,0,,0,benchmark/results/oss-rerun-provider-comparison-20260504_170533/mimic-suspicion-infection_no-skill_pi-ollama_gpt-oss-20b_t1_20260504_175148,False,local Ollama host exception enabled,provider-default,0.0,,mimic-suspicion-infection_no-skill_pi-ollama_gpt-oss-20b_t1_20260504_175148,native,mimic-suspicion-infection,,,1,1,949901
0,0,pi-ollama,0,,,no-skill,True,True,False,49.2,1,,0,True,True,0.0,,0.0,{},gpt-oss:20b,0,,0,benchmark/results/oss-rerun-provider-comparison-20260504_170533/mimic-suspicion-infection_no-skill_pi-ollama_gpt-oss-20b_t2_20260504_175434,False,local Ollama host exception enabled,provider-default,0.0,,mimic-suspicion-infection_no-skill_pi-ollama_gpt-oss-20b_t2_20260504_175434,native,mimic-suspicion-infection,,,1,2,949901
0,0,pi-ollama,0,,949901,no-skill,True,True,True,158.4,0,0,7,True,True,1.0,1.0,1.0,"{'suspected_infection': 0.81223938, 'positive_culture': 0.63276278, 'specimen': 0.18745638, 'antibiotic': 0.97319615, 'antibiotic_time': 0.96613121, 'suspected_infection_time': 4.422e-05, 'culture_time': 4.211e-05}",gpt-oss:20b,0,,4,benchmark/results/oss-rerun-provider-comparison-20260504_170533/mimic-suspicion-infection_no-skill_pi-ollama_gpt-oss-20b_t3_20260504_175528,False,local Ollama host exception enabled,provider-default,0.51026746,0.51026746,mimic-suspicion-infection_no-skill_pi-ollama_gpt-oss-20b_t3_20260504_175528,native,mimic-suspicion-infection,,,11,3,949901
0,0,pi-ollama,0,,0,no-skill,True,True,True,51.5,0,0,9,True,True,0.0,0.0,0.0,"{'suspected_infection': 0.0, 'positive_culture': 0.0, 'specimen': 0.0, 'antibiotic': 0.0, 'antibiotic_time': 0.0, 'suspected_infection_time': 0.0, 'culture_time': 0.0}",gpt-oss:20b,0,,2,benchmark/results/oss-rerun-provider-comparison-20260504_170533/mimic-suspicion-infection_no-skill_pi-ollama_gpt-oss-20b_t4_20260504_175825,False,local Ollama host exception enabled,provider-default,0.0,0.0,mimic-suspicion-infection_no-skill_pi-ollama_gpt-oss-20b_t4_20260504_175825,native,mimic-suspicion-infection,,,11,4,949901
0,0,pi-ollama,0,,,no-skill,True,True,False,149.7,1,,0,True,True,0.0,,0.0,{},gpt-oss:20b,0,,0,benchmark/results/oss-rerun-provider-comparison-20260504_170533/mimic-suspicion-infection_no-skill_pi-ollama_gpt-oss-20b_t5_20260504_175928,False,local Ollama host exception enabled,provider-default,0.0,,mimic-suspicion-infection_no-skill_pi-ollama_gpt-oss-20b_t5_20260504_175928,native,mimic-suspicion-infection,,,1,5,949901
0,0,pi-ollama,0,,949901,with-skill,True,True,True,316.6,0,0,7,True,True,1.0,1.0,1.0,"{'suspected_infection': 0.81160458, 'positive_culture': 0.16353073, 'specimen': 0.02543318, 'antibiotic': 0.97319615, 'antibiotic_time': 0.96613121, 'suspected_infection_time': 0.05182119, 'culture_time': 0.00023055}",gpt-oss:20b,0,,4,benchmark/results/oss-rerun-provider-comparison-20260504_170533/mimic-suspicion-infection_with-skill_pi-ollama_gpt-oss-20b_t1_20260504_192123,False,local Ollama host exception enabled,provider-default,0.42742108,0.42742108,mimic-suspicion-infection_with-skill_pi-ollama_gpt-oss-20b_t1_20260504_192123,native,mimic-suspicion-infection,,,11,1,949901
0,0,pi-ollama,0,,,with-skill,True,True,False,21.8,1,,0,True,True,0.0,,0.0,{},gpt-oss:20b,0,,0,benchmark/results/oss-rerun-provider-comparison-20260504_170533/mimic-suspicion-infection_with-skill_pi-ollama_gpt-oss-20b_t2_20260504_192659,False,local Ollama host exception enabled,provider-default,0.0,,mimic-suspicion-infection_with-skill_pi-ollama_gpt-oss-20b_t2_20260504_192659,native,mimic-suspicion-infection,,,1,2,949901
0,0,pi-ollama,0,,949901,with-skill,True,True,True,234.8,0,0,7,True,True,1.0,1.0,1.0,"{'suspected_infection': 0.81229728, 'positive_culture': 0.41494745, 'specimen': 0.18939553, 'antibiotic': 0.97319615, 'antibiotic_time': 0.96613121, 'suspected_infection_time': 0.00032214, 'culture_time': 0.00032424}",gpt-oss:20b,0,,4,benchmark/results/oss-rerun-provider-comparison-20260504_170533/mimic-suspicion-infection_with-skill_pi-ollama_gpt-oss-20b_t3_20260504_192724,False,local Ollama host exception enabled,provider-default,0.47951629,0.47951629,mimic-suspicion-infection_with-skill_pi-ollama_gpt-oss-20b_t3_20260504_192724,native,mimic-suspicion-infection,,,11,3,949901
0,0,pi-ollama,-1,,,with-skill,True,True,False,1800.0,1,,0,True,True,0.0,,0.0,{},gpt-oss:20b,0,,0,benchmark/results/oss-rerun-provider-comparison-20260504_170533/mimic-suspicion-infection_with-skill_pi-ollama_gpt-oss-20b_t4_20260504_193140,False,local Ollama host exception enabled,provider-default,0.0,,mimic-suspicion-infection_with-skill_pi-ollama_gpt-oss-20b_t4_20260504_193140,native,mimic-suspicion-infection,,,1,4,949901
0,0,pi-ollama,0,,681756,with-skill,True,True,True,335.9,0,0,8,True,True,0.8356609262853651,1.0,0.7177126879537973,"{'suspected_infection': 0.55810658, 'positive_culture': 0.47290928, 'specimen': 0.35988487, 'antibiotic': 0.40171239, 'antibiotic_time': 0.33578025, 'suspected_infection_time': 0.2369489, 'culture_time': 0.26138198}",gpt-oss:20b,0,,3,benchmark/results/oss-rerun-provider-comparison-20260504_170533/mimic-suspicion-infection_with-skill_pi-ollama_gpt-oss-20b_t5_20260504_200153,False,local Ollama host exception enabled,provider-default,0.37524632,0.37524632,mimic-suspicion-infection_with-skill_pi-ollama_gpt-oss-20b_t5_20260504_200153,native,mimic-suspicion-infection,,,11,5,949901
0,0,pi-ollama,0,,0,no-skill,True,True,True,95.6,0,0,13,True,True,0.0,0.0,0.0,"{'uo_mlkghr_6hr': 0.0, 'uo_mlkghr_12hr': 0.0, 'uo_mlkghr_24hr': 0.0, 'urineoutput_6hr': 0.0, 'urineoutput_12hr': 0.0, 'urineoutput_24hr': 0.0, 'weight': 0.0, 'uo': 0.0, 'uo_tm_6hr': 0.0, 'uo_tm_12hr': 0.0, 'uo_tm_24hr': 0.0}",gpt-oss:20b,0,,2,benchmark/results/oss-rerun-provider-comparison-20260504_170533/mimic-urine-output-rate-raw_no-skill_pi-ollama_gpt-oss-20b_t1_20260504_152514,False,local Ollama host exception enabled,provider-default,0.0,0.0,mimic-urine-output-rate-raw_no-skill_pi-ollama_gpt-oss-20b_t1_20260504_152514,native,mimic-urine-output-rate-raw,,,15,1,4126485
0,0,pi-ollama,0,,,no-skill,True,True,False,12.8,1,,0,True,True,0.0,,0.0,{},gpt-oss:20b,0,,0,benchmark/results/oss-rerun-provider-comparison-20260504_170533/mimic-urine-output-rate-raw_no-skill_pi-ollama_gpt-oss-20b_t2_20260504_152712,False,local Ollama host exception enabled,provider-default,0.0,,mimic-urine-output-rate-raw_no-skill_pi-ollama_gpt-oss-20b_t2_20260504_152712,native,mimic-urine-output-rate-raw,,,1,2,4126485
0,0,pi-ollama,0,,,no-skill,True,True,False,56.1,1,,0,True,True,0.0,,0.0,{},gpt-oss:20b,0,,0,benchmark/results/oss-rerun-provider-comparison-20260504_170533/mimic-urine-output-rate-raw_no-skill_pi-ollama_gpt-oss-20b_t3_20260504_152727,False,local Ollama host exception enabled,provider-default,0.0,,mimic-urine-output-rate-raw_no-skill_pi-ollama_gpt-oss-20b_t3_20260504_152727,native,mimic-urine-output-rate-raw,,,1,3,4126485
0,0,pi-ollama,0,,,no-skill,True,True,False,95.2,1,,0,True,True,0.0,,0.0,{},gpt-oss:20b,0,,0,benchmark/results/oss-rerun-provider-comparison-20260504_170533/mimic-urine-output-rate-raw_no-skill_pi-ollama_gpt-oss-20b_t4_20260504_152824,False,local Ollama host exception enabled,provider-default,0.0,,mimic-urine-output-rate-raw_no-skill_pi-ollama_gpt-oss-20b_t4_20260504_152824,native,mimic-urine-output-rate-raw,,,1,4,4126485
0,0,pi-ollama,0,,,no-skill,True,True,False,20.4,1,,0,True,True,0.0,,0.0,{},gpt-oss:20b,0,,0,benchmark/results/oss-rerun-provider-comparison-20260504_170533/mimic-urine-output-rate-raw_no-skill_pi-ollama_gpt-oss-20b_t5_20260504_153001,False,local Ollama host exception enabled,provider-default,0.0,,mimic-urine-output-rate-raw_no-skill_pi-ollama_gpt-oss-20b_t5_20260504_153001,native,mimic-urine-output-rate-raw,,,1,5,4126485
0,0,pi-ollama,0,,,with-skill,True,True,False,603.2,1,,0,True,True,0.0,,0.0,{},gpt-oss:20b,0,,0,benchmark/results/oss-rerun-provider-comparison-20260504_170533/mimic-urine-output-rate-raw_with-skill_pi-ollama_gpt-oss-20b_t1_20260504_154841,False,local Ollama host exception enabled,provider-default,0.0,,mimic-urine-output-rate-raw_with-skill_pi-ollama_gpt-oss-20b_t1_20260504_154841,native,mimic-urine-output-rate-raw,,,1,1,4126485
0,0,pi-ollama,0,,,with-skill,True,True,False,104.4,1,,0,True,True,0.0,,0.0,{},gpt-oss:20b,0,,0,benchmark/results/oss-rerun-provider-comparison-20260504_170533/mimic-urine-output-rate-raw_with-skill_pi-ollama_gpt-oss-20b_t2_20260504_155847,False,local Ollama host exception enabled,provider-default,0.0,,mimic-urine-output-rate-raw_with-skill_pi-ollama_gpt-oss-20b_t2_20260504_155847,native,mimic-urine-output-rate-raw,,,1,2,4126485
0,0,pi-ollama,0,,,with-skill,True,True,False,125.6,1,,0,True,True,0.0,,0.0,{},gpt-oss:20b,0,,0,benchmark/results/oss-rerun-provider-comparison-20260504_170533/mimic-urine-output-rate-raw_with-skill_pi-ollama_gpt-oss-20b_t3_20260504_160033,False,local Ollama host exception enabled,provider-default,0.0,,mimic-urine-output-rate-raw_with-skill_pi-ollama_gpt-oss-20b_t3_20260504_160033,native,mimic-urine-output-rate-raw,,,1,3,4126485
0,0,pi-ollama,0,,,with-skill,True,True,False,171.2,1,,0,True,True,0.0,,0.0,{},gpt-oss:20b,0,,0,benchmark/results/oss-rerun-provider-comparison-20260504_170533/mimic-urine-output-rate-raw_with-skill_pi-ollama_gpt-oss-20b_t4_20260504_160240,False,local Ollama host exception enabled,provider-default,0.0,,mimic-urine-output-rate-raw_with-skill_pi-ollama_gpt-oss-20b_t4_20260504_160240,native,mimic-urine-output-rate-raw,,,1,4,4126485
0,0,pi-ollama,0,,4107296,with-skill,True,True,True,879.5,0,0,3,True,True,0.997669478942906,1.0,0.9953497952858184,"{'uo_mlkghr_6hr': 0.95181977, 'uo_mlkghr_12hr': 0.95529779, 'uo_mlkghr_24hr': 0.60416529, 'urineoutput_6hr': 0.99144211, 'urineoutput_12hr': 0.98680112, 'urineoutput_24hr': 0.45517577, 'weight': 0.93494318, 'uo': 0.9953498, 'uo_tm_6hr': 0.9939646, 'uo_tm_12hr': 0.99392922, 'uo_tm_24hr': 0.46697031}",gpt-oss:20b,0,,12,benchmark/results/oss-rerun-provider-comparison-20260504_170533/mimic-urine-output-rate-raw_with-skill_pi-ollama_gpt-oss-20b_t5_20260504_160533,False,local Ollama host exception enabled,provider-default,0.848169,0.848169,mimic-urine-output-rate-raw_with-skill_pi-ollama_gpt-oss-20b_t5_20260504_160533,native,mimic-urine-output-rate-raw,,,15,5,4126485
0,0,pi-ollama,0,,0,no-skill,True,True,True,329.2,0,0,4,True,True,0.0,0.0,0.0,"{'norepinephrine_equivalent_dose': 0.0, 'endtime': 0.0}",gpt-oss:20b,0,,2,benchmark/results/oss-rerun-provider-comparison-20260504_170533/mimic-vasopressor-equivalents-raw_no-skill_pi-ollama_gpt-oss-20b_t1_20260504_180200,False,local Ollama host exception enabled,provider-default,0.0,0.0,mimic-vasopressor-equivalents-raw_no-skill_pi-ollama_gpt-oss-20b_t1_20260504_180200,native,mimic-vasopressor-equivalents-raw,,,6,1,781067
0,0,pi-ollama,0,,774202,no-skill,True,True,True,884.4,0,4014,1,True,True,0.9904241662509827,0.99481531,0.9860716174156634,"{'norepinephrine_equivalent_dose': 0.68192199, 'endtime': 0.96975726}",gpt-oss:20b,0,,5,benchmark/results/oss-rerun-provider-comparison-20260504_170533/mimic-vasopressor-equivalents-raw_no-skill_pi-ollama_gpt-oss-20b_t2_20260504_180735,False,local Ollama host exception enabled,provider-default,0.82583962,0.82583962,mimic-vasopressor-equivalents-raw_no-skill_pi-ollama_gpt-oss-20b_t2_20260504_180735,native,mimic-vasopressor-equivalents-raw,,,6,2,781067
0,0,pi-ollama,0,,,no-skill,True,True,False,339.5,1,,0,True,True,0.0,,0.0,{},gpt-oss:20b,0,,0,benchmark/results/oss-rerun-provider-comparison-20260504_170533/mimic-vasopressor-equivalents-raw_no-skill_pi-ollama_gpt-oss-20b_t3_20260504_182230,False,local Ollama host exception enabled,provider-default,0.0,,mimic-vasopressor-equivalents-raw_no-skill_pi-ollama_gpt-oss-20b_t3_20260504_182230,native,mimic-vasopressor-equivalents-raw,,,1,3,781067
0,0,pi-ollama,0,,,no-skill,True,True,False,26.0,1,,0,True,True,0.0,,0.0,{},gpt-oss:20b,0,,0,benchmark/results/oss-rerun-provider-comparison-20260504_170533/mimic-vasopressor-equivalents-raw_no-skill_pi-ollama_gpt-oss-20b_t4_20260504_182812,False,local Ollama host exception enabled,provider-default,0.0,,mimic-vasopressor-equivalents-raw_no-skill_pi-ollama_gpt-oss-20b_t4_20260504_182812,native,mimic-vasopressor-equivalents-raw,,,1,4,781067
0,0,pi-ollama,0,,,no-skill,True,True,False,12.1,1,,0,True,True,0.0,,0.0,{},gpt-oss:20b,0,,0,benchmark/results/oss-rerun-provider-comparison-20260504_170533/mimic-vasopressor-equivalents-raw_no-skill_pi-ollama_gpt-oss-20b_t5_20260504_182840,False,local Ollama host exception enabled,provider-default,0.0,,mimic-vasopressor-equivalents-raw_no-skill_pi-ollama_gpt-oss-20b_t5_20260504_182840,native,mimic-vasopressor-equivalents-raw,,,1,5,781067
0,0,pi-ollama,0,,,with-skill,True,True,False,27.3,1,,0,True,True,0.0,,0.0,{},gpt-oss:20b,0,,0,benchmark/results/oss-rerun-provider-comparison-20260504_170533/mimic-vasopressor-equivalents-raw_with-skill_pi-ollama_gpt-oss-20b_t1_20260504_200750,False,local Ollama host exception enabled,provider-default,0.0,,mimic-vasopressor-equivalents-raw_with-skill_pi-ollama_gpt-oss-20b_t1_20260504_200750,native,mimic-vasopressor-equivalents-raw,,,1,1,781067
0,0,pi-ollama,0,,0,with-skill,True,True,True,87.4,0,0,4,True,True,0.0,0.0,0.0,"{'norepinephrine_equivalent_dose': 0.0, 'endtime': 0.0}",gpt-oss:20b,0,,2,benchmark/results/oss-rerun-provider-comparison-20260504_170533/mimic-vasopressor-equivalents-raw_with-skill_pi-ollama_gpt-oss-20b_t2_20260504_200823,False,local Ollama host exception enabled,provider-default,0.0,0.0,mimic-vasopressor-equivalents-raw_with-skill_pi-ollama_gpt-oss-20b_t2_20260504_200823,native,mimic-vasopressor-equivalents-raw,,,6,2,781067
0,0,pi-ollama,0,,,with-skill,True,True,False,150.9,1,,0,True,True,0.0,,0.0,{},gpt-oss:20b,0,,0,benchmark/results/oss-rerun-provider-comparison-20260504_170533/mimic-vasopressor-equivalents-raw_with-skill_pi-ollama_gpt-oss-20b_t3_20260504_200958,False,local Ollama host exception enabled,provider-default,0.0,,mimic-vasopressor-equivalents-raw_with-skill_pi-ollama_gpt-oss-20b_t3_20260504_200958,native,mimic-vasopressor-equivalents-raw,,,1,3,781067
0,0,pi-ollama,0,,,with-skill,True,True,False,880.4,1,,0,True,True,0.0,,0.0,{},gpt-oss:20b,0,,0,benchmark/results/oss-rerun-provider-comparison-20260504_170533/mimic-vasopressor-equivalents-raw_with-skill_pi-ollama_gpt-oss-20b_t4_20260504_201232,False,local Ollama host exception enabled,provider-default,0.0,,mimic-vasopressor-equivalents-raw_with-skill_pi-ollama_gpt-oss-20b_t4_20260504_201232,native,mimic-vasopressor-equivalents-raw,,,1,4,781067
0,0,pi-ollama,0,,,with-skill,True,True,False,1365.4,1,,0,True,True,0.0,,0.0,{},gpt-oss:20b,0,,0,benchmark/results/oss-rerun-provider-comparison-20260504_170533/mimic-vasopressor-equivalents-raw_with-skill_pi-ollama_gpt-oss-20b_t5_20260504_202714,False,local Ollama host exception enabled,provider-default,0.0,,mimic-vasopressor-equivalents-raw_with-skill_pi-ollama_gpt-oss-20b_t5_20260504_202714,native,mimic-vasopressor-equivalents-raw,,,1,5,781067
0,0,pi-ollama,0,,,no-skill,True,True,False,9.5,1,,0,True,True,0.0,,0.0,{},gpt-oss:20b,0,,0,benchmark/results/oss-rerun-provider-comparison-20260504_170533/mimic-ventilation_no-skill_pi-ollama_gpt-oss-20b_t1_20260504_182855,False,local Ollama host exception enabled,provider-default,0.0,,mimic-ventilation_no-skill_pi-ollama_gpt-oss-20b_t1_20260504_182855,native,mimic-ventilation,,,1,1,144812
0,0,pi-ollama,0,,70067,no-skill,True,True,True,184.8,0,16792,5,True,True,0.49586046077871243,0.76034367,0.3678907825318344,"{'ventilation_status': 0.0, 'starttime': 0.11335734, 'endtime': 0.02152793}",gpt-oss:20b,0,,2,benchmark/results/oss-rerun-provider-comparison-20260504_170533/mimic-ventilation_no-skill_pi-ollama_gpt-oss-20b_t2_20260504_182910,False,local Ollama host exception enabled,provider-default,0.04496176,0.04496176,mimic-ventilation_no-skill_pi-ollama_gpt-oss-20b_t2_20260504_182910,native,mimic-ventilation,,,7,2,144812
0,0,pi-ollama,0,,,no-skill,True,True,False,95.6,1,,0,True,True,0.0,,0.0,{},gpt-oss:20b,0,,0,benchmark/results/oss-rerun-provider-comparison-20260504_170533/mimic-ventilation_no-skill_pi-ollama_gpt-oss-20b_t3_20260504_183221,False,local Ollama host exception enabled,provider-default,0.0,,mimic-ventilation_no-skill_pi-ollama_gpt-oss-20b_t3_20260504_183221,native,mimic-ventilation,,,1,3,144812
0,0,pi-ollama,0,,,no-skill,True,True,False,434.0,1,,0,True,True,0.0,,0.0,{},gpt-oss:20b,0,,0,benchmark/results/oss-rerun-provider-comparison-20260504_170533/mimic-ventilation_no-skill_pi-ollama_gpt-oss-20b_t4_20260504_183402,False,local Ollama host exception enabled,provider-default,0.0,,mimic-ventilation_no-skill_pi-ollama_gpt-oss-20b_t4_20260504_183402,native,mimic-ventilation,,,1,4,144812
0,0,pi-ollama,0,,210791,no-skill,True,True,True,372.3,0,122276,4,True,True,0.49783044736086407,0.41991831,0.6112407811507333,"{'ventilation_status': 0.1701237, 'starttime': 0.06676451, 'endtime': 0.0151598}",gpt-oss:20b,0,,3,benchmark/results/oss-rerun-provider-comparison-20260504_170533/mimic-ventilation_no-skill_pi-ollama_gpt-oss-20b_t5_20260504_184120,False,local Ollama host exception enabled,provider-default,0.084016,0.084016,mimic-ventilation_no-skill_pi-ollama_gpt-oss-20b_t5_20260504_184120,native,mimic-ventilation,,,7,5,144812
0,0,pi-ollama,0,,,with-skill,True,True,False,208.7,1,,0,True,True,0.0,,0.0,{},gpt-oss:20b,0,,0,benchmark/results/oss-rerun-provider-comparison-20260504_170533/mimic-ventilation_with-skill_pi-ollama_gpt-oss-20b_t1_20260504_205003,False,local Ollama host exception enabled,provider-default,0.0,,mimic-ventilation_with-skill_pi-ollama_gpt-oss-20b_t1_20260504_205003,native,mimic-ventilation,,,1,1,144812
0,0,pi-ollama,0,,,with-skill,True,True,False,427.5,1,,0,True,True,0.0,,0.0,{},gpt-oss:20b,0,,0,benchmark/results/oss-rerun-provider-comparison-20260504_170533/mimic-ventilation_with-skill_pi-ollama_gpt-oss-20b_t2_20260504_205337,False,local Ollama host exception enabled,provider-default,0.0,,mimic-ventilation_with-skill_pi-ollama_gpt-oss-20b_t2_20260504_205337,native,mimic-ventilation,,,1,2,144812
0,0,pi-ollama,0,,,with-skill,True,True,False,101.0,1,,0,True,True,0.0,,0.0,{},gpt-oss:20b,0,,0,benchmark/results/oss-rerun-provider-comparison-20260504_170533/mimic-ventilation_with-skill_pi-ollama_gpt-oss-20b_t3_20260504_210049,False,local Ollama host exception enabled,provider-default,0.0,,mimic-ventilation_with-skill_pi-ollama_gpt-oss-20b_t3_20260504_210049,native,mimic-ventilation,,,1,3,144812
0,0,pi-ollama,0,,,with-skill,True,True,False,15.3,1,,0,True,True,0.0,,0.0,{},gpt-oss:20b,0,,0,benchmark/results/oss-rerun-provider-comparison-20260504_170533/mimic-ventilation_with-skill_pi-ollama_gpt-oss-20b_t4_20260504_210235,False,local Ollama host exception enabled,provider-default,0.0,,mimic-ventilation_with-skill_pi-ollama_gpt-oss-20b_t4_20260504_210235,native,mimic-ventilation,,,1,4,144812
0,0,pi-ollama,0,,,with-skill,True,True,False,41.1,1,,0,True,True,0.0,,0.0,{},gpt-oss:20b,0,,0,benchmark/results/oss-rerun-provider-comparison-20260504_170533/mimic-ventilation_with-skill_pi-ollama_gpt-oss-20b_t5_20260504_210255,False,local Ollama host exception enabled,provider-default,0.0,,mimic-ventilation_with-skill_pi-ollama_gpt-oss-20b_t5_20260504_210255,native,mimic-ventilation,,,1,5,144812
